name	organism	strategy	format	fragLenMean	fragLenSD	adapt3	adapt3_mate	path	path_mate
time_course_lenti_D00	mmu.GRCm38_84	SINGLE	FASTQ	412	141	TGGAATTCTCGGGTGCCAAGG		/scicore/home/zavolan/kanitz/PROJECTS/SpliceFactorsReprogramming/rawData/own_data/time_course_lenti/D00.fastq.gz	
time_course_lenti_D01_Ctrl	mmu.GRCm38_84	SINGLE	FASTQ	426	142	TGGAATTCTCGGGTGCCAAGG		/scicore/home/zavolan/kanitz/PROJECTS/SpliceFactorsReprogramming/rawData/own_data/time_course_lenti/D01_Ctrl.fastq.gz	
time_course_lenti_D01_DsRed	mmu.GRCm38_84	SINGLE	FASTQ	422	181	TGGAATTCTCGGGTGCCAAGG		/scicore/home/zavolan/kanitz/PROJECTS/SpliceFactorsReprogramming/rawData/own_data/time_course_lenti/D01_DsRed.fastq.gz	
time_course_lenti_D01_Esrp1	mmu.GRCm38_84	SINGLE	FASTQ	429	222	TGGAATTCTCGGGTGCCAAGG		/scicore/home/zavolan/kanitz/PROJECTS/SpliceFactorsReprogramming/rawData/own_data/time_course_lenti/D01_Esrp1.fastq.gz	
time_course_lenti_D02_Ctrl	mmu.GRCm38_84	SINGLE	FASTQ	405	135	TGGAATTCTCGGGTGCCAAGG		/scicore/home/zavolan/kanitz/PROJECTS/SpliceFactorsReprogramming/rawData/own_data/time_course_lenti/D02_Ctrl.fastq.gz	
time_course_lenti_D02_DsRed	mmu.GRCm38_84	SINGLE	FASTQ	494	158	TGGAATTCTCGGGTGCCAAGG		/scicore/home/zavolan/kanitz/PROJECTS/SpliceFactorsReprogramming/rawData/own_data/time_course_lenti/D02_DsRed.fastq.gz	
time_course_lenti_D02_Esrp1	mmu.GRCm38_84	SINGLE	FASTQ	377	103	TGGAATTCTCGGGTGCCAAGG		/scicore/home/zavolan/kanitz/PROJECTS/SpliceFactorsReprogramming/rawData/own_data/time_course_lenti/D02_Esrp1.fastq.gz	
time_course_lenti_D03_Ctrl	mmu.GRCm38_84	SINGLE	FASTQ	438	239	TGGAATTCTCGGGTGCCAAGG		/scicore/home/zavolan/kanitz/PROJECTS/SpliceFactorsReprogramming/rawData/own_data/time_course_lenti/D03_Ctrl.fastq.gz	
time_course_lenti_D03_DsRed	mmu.GRCm38_84	SINGLE	FASTQ	430	145	TGGAATTCTCGGGTGCCAAGG		/scicore/home/zavolan/kanitz/PROJECTS/SpliceFactorsReprogramming/rawData/own_data/time_course_lenti/D03_DsRed.fastq.gz	
time_course_lenti_D03_Esrp1	mmu.GRCm38_84	SINGLE	FASTQ	425	157	TGGAATTCTCGGGTGCCAAGG		/scicore/home/zavolan/kanitz/PROJECTS/SpliceFactorsReprogramming/rawData/own_data/time_course_lenti/D03_Esrp1.fastq.gz	
time_course_lenti_D04_Ctrl	mmu.GRCm38_84	SINGLE	FASTQ	429	212	TGGAATTCTCGGGTGCCAAGG		/scicore/home/zavolan/kanitz/PROJECTS/SpliceFactorsReprogramming/rawData/own_data/time_course_lenti/D04_Ctrl.fastq.gz	
time_course_lenti_D04_DsRed	mmu.GRCm38_84	SINGLE	FASTQ	479	241	TGGAATTCTCGGGTGCCAAGG		/scicore/home/zavolan/kanitz/PROJECTS/SpliceFactorsReprogramming/rawData/own_data/time_course_lenti/D04_DsRed.fastq.gz	
time_course_lenti_D04_Esrp1	mmu.GRCm38_84	SINGLE	FASTQ	442	184	TGGAATTCTCGGGTGCCAAGG		/scicore/home/zavolan/kanitz/PROJECTS/SpliceFactorsReprogramming/rawData/own_data/time_course_lenti/D04_Esrp1.fastq.gz	
time_course_lenti_D05_Ctrl	mmu.GRCm38_84	SINGLE	FASTQ	466	268	TGGAATTCTCGGGTGCCAAGG		/scicore/home/zavolan/kanitz/PROJECTS/SpliceFactorsReprogramming/rawData/own_data/time_course_lenti/D05_Ctrl.fastq.gz	
time_course_lenti_D05_DsRed	mmu.GRCm38_84	SINGLE	FASTQ	423	147	TGGAATTCTCGGGTGCCAAGG		/scicore/home/zavolan/kanitz/PROJECTS/SpliceFactorsReprogramming/rawData/own_data/time_course_lenti/D05_DsRed.fastq.gz	
time_course_lenti_D05_Esrp1	mmu.GRCm38_84	SINGLE	FASTQ	440	220	TGGAATTCTCGGGTGCCAAGG		/scicore/home/zavolan/kanitz/PROJECTS/SpliceFactorsReprogramming/rawData/own_data/time_course_lenti/D05_Esrp1.fastq.gz	
time_course_lenti_D06_Ctrl	mmu.GRCm38_84	SINGLE	FASTQ	466	183	TGGAATTCTCGGGTGCCAAGG		/scicore/home/zavolan/kanitz/PROJECTS/SpliceFactorsReprogramming/rawData/own_data/time_course_lenti/D06_Ctrl.fastq.gz	
time_course_lenti_D06_DsRed	mmu.GRCm38_84	SINGLE	FASTQ	433	156	TGGAATTCTCGGGTGCCAAGG		/scicore/home/zavolan/kanitz/PROJECTS/SpliceFactorsReprogramming/rawData/own_data/time_course_lenti/D06_DsRed.fastq.gz	
time_course_lenti_D06_Esrp1	mmu.GRCm38_84	SINGLE	FASTQ	408	172	TGGAATTCTCGGGTGCCAAGG		/scicore/home/zavolan/kanitz/PROJECTS/SpliceFactorsReprogramming/rawData/own_data/time_course_lenti/D06_Esrp1.fastq.gz	
time_course_lenti_D07_Ctrl	mmu.GRCm38_84	SINGLE	FASTQ	390	124	TGGAATTCTCGGGTGCCAAGG		/scicore/home/zavolan/kanitz/PROJECTS/SpliceFactorsReprogramming/rawData/own_data/time_course_lenti/D07_Ctrl.fastq.gz	
time_course_lenti_D07_DsRed	mmu.GRCm38_84	SINGLE	FASTQ	451	169	TGGAATTCTCGGGTGCCAAGG		/scicore/home/zavolan/kanitz/PROJECTS/SpliceFactorsReprogramming/rawData/own_data/time_course_lenti/D07_DsRed.fastq.gz	
time_course_lenti_D07_Esrp1	mmu.GRCm38_84	SINGLE	FASTQ	457	170	TGGAATTCTCGGGTGCCAAGG		/scicore/home/zavolan/kanitz/PROJECTS/SpliceFactorsReprogramming/rawData/own_data/time_course_lenti/D07_Esrp1.fastq.gz	
time_course_lenti_D08_Ctrl	mmu.GRCm38_84	SINGLE	FASTQ	478	257	TGGAATTCTCGGGTGCCAAGG		/scicore/home/zavolan/kanitz/PROJECTS/SpliceFactorsReprogramming/rawData/own_data/time_course_lenti/D08_Ctrl.fastq.gz	
time_course_lenti_D08_DsRed	mmu.GRCm38_84	SINGLE	FASTQ	489	234	TGGAATTCTCGGGTGCCAAGG		/scicore/home/zavolan/kanitz/PROJECTS/SpliceFactorsReprogramming/rawData/own_data/time_course_lenti/D08_DsRed.fastq.gz	
time_course_lenti_D08_Esrp1	mmu.GRCm38_84	SINGLE	FASTQ	453	217	TGGAATTCTCGGGTGCCAAGG		/scicore/home/zavolan/kanitz/PROJECTS/SpliceFactorsReprogramming/rawData/own_data/time_course_lenti/D08_Esrp1.fastq.gz	
time_course_retro_D00_Ctrl	mmu.GRCm38_84	SINGLE	FASTQ	350	94	TGGAATTCTCGGGTGCCAAGG		/scicore/home/zavolan/kanitz/PROJECTS/SpliceFactorsReprogramming/rawData/own_data/time_course_retro/D00_Ctrl.fastq.gz	
time_course_retro_D00_Esrp1	mmu.GRCm38_84	SINGLE	FASTQ	425	179	TGGAATTCTCGGGTGCCAAGG		/scicore/home/zavolan/kanitz/PROJECTS/SpliceFactorsReprogramming/rawData/own_data/time_course_retro/D00_Esrp1.fastq.gz	
time_course_retro_D00_Esrp2	mmu.GRCm38_84	SINGLE	FASTQ	438	147	TGGAATTCTCGGGTGCCAAGG		/scicore/home/zavolan/kanitz/PROJECTS/SpliceFactorsReprogramming/rawData/own_data/time_course_retro/D00_Esrp2.fastq.gz	
time_course_retro_D00_Luc	mmu.GRCm38_84	SINGLE	FASTQ	403	134	TGGAATTCTCGGGTGCCAAGG		/scicore/home/zavolan/kanitz/PROJECTS/SpliceFactorsReprogramming/rawData/own_data/time_course_retro/D00_Luc.fastq.gz	
time_course_retro_D00_Msi1	mmu.GRCm38_84	SINGLE	FASTQ	420	175	TGGAATTCTCGGGTGCCAAGG		/scicore/home/zavolan/kanitz/PROJECTS/SpliceFactorsReprogramming/rawData/own_data/time_course_retro/D00_Msi1.fastq.gz	
time_course_retro_D01_Ctrl	mmu.GRCm38_84	SINGLE	FASTQ	396	134	TGGAATTCTCGGGTGCCAAGG		/scicore/home/zavolan/kanitz/PROJECTS/SpliceFactorsReprogramming/rawData/own_data/time_course_retro/D01_Ctrl.fastq.gz	
time_course_retro_D01_Esrp1	mmu.GRCm38_84	SINGLE	FASTQ	428	196	TGGAATTCTCGGGTGCCAAGG		/scicore/home/zavolan/kanitz/PROJECTS/SpliceFactorsReprogramming/rawData/own_data/time_course_retro/D01_Esrp1.fastq.gz	
time_course_retro_D01_Esrp2	mmu.GRCm38_84	SINGLE	FASTQ	407	130	TGGAATTCTCGGGTGCCAAGG		/scicore/home/zavolan/kanitz/PROJECTS/SpliceFactorsReprogramming/rawData/own_data/time_course_retro/D01_Esrp2.fastq.gz	
time_course_retro_D01_Luc	mmu.GRCm38_84	SINGLE	FASTQ	423	159	TGGAATTCTCGGGTGCCAAGG		/scicore/home/zavolan/kanitz/PROJECTS/SpliceFactorsReprogramming/rawData/own_data/time_course_retro/D01_Luc.fastq.gz	
time_course_retro_D01_Msi1	mmu.GRCm38_84	SINGLE	FASTQ	437	187	TGGAATTCTCGGGTGCCAAGG		/scicore/home/zavolan/kanitz/PROJECTS/SpliceFactorsReprogramming/rawData/own_data/time_course_retro/D01_Msi1.fastq.gz	
time_course_retro_D02_Ctrl	mmu.GRCm38_84	SINGLE	FASTQ	355	95	TGGAATTCTCGGGTGCCAAGG		/scicore/home/zavolan/kanitz/PROJECTS/SpliceFactorsReprogramming/rawData/own_data/time_course_retro/D02_Ctrl.fastq.gz	
time_course_retro_D02_Esrp1	mmu.GRCm38_84	SINGLE	FASTQ	453	137	TGGAATTCTCGGGTGCCAAGG		/scicore/home/zavolan/kanitz/PROJECTS/SpliceFactorsReprogramming/rawData/own_data/time_course_retro/D02_Esrp1.fastq.gz	
time_course_retro_D02_Esrp2	mmu.GRCm38_84	SINGLE	FASTQ	435	121	TGGAATTCTCGGGTGCCAAGG		/scicore/home/zavolan/kanitz/PROJECTS/SpliceFactorsReprogramming/rawData/own_data/time_course_retro/D02_Esrp2.fastq.gz	
time_course_retro_D02_Luc	mmu.GRCm38_84	SINGLE	FASTQ	453	163	TGGAATTCTCGGGTGCCAAGG		/scicore/home/zavolan/kanitz/PROJECTS/SpliceFactorsReprogramming/rawData/own_data/time_course_retro/D02_Luc.fastq.gz	
time_course_retro_D02_Msi1	mmu.GRCm38_84	SINGLE	FASTQ	465	178	TGGAATTCTCGGGTGCCAAGG		/scicore/home/zavolan/kanitz/PROJECTS/SpliceFactorsReprogramming/rawData/own_data/time_course_retro/D02_Msi1.fastq.gz	
time_course_retro_D03_Ctrl	mmu.GRCm38_84	SINGLE	FASTQ	352	101	TGGAATTCTCGGGTGCCAAGG		/scicore/home/zavolan/kanitz/PROJECTS/SpliceFactorsReprogramming/rawData/own_data/time_course_retro/D03_Ctrl.fastq.gz	
time_course_retro_D03_Esrp1	mmu.GRCm38_84	SINGLE	FASTQ	434	130	TGGAATTCTCGGGTGCCAAGG		/scicore/home/zavolan/kanitz/PROJECTS/SpliceFactorsReprogramming/rawData/own_data/time_course_retro/D03_Esrp1.fastq.gz	
time_course_retro_D03_Esrp2	mmu.GRCm38_84	SINGLE	FASTQ	437	132	TGGAATTCTCGGGTGCCAAGG		/scicore/home/zavolan/kanitz/PROJECTS/SpliceFactorsReprogramming/rawData/own_data/time_course_retro/D03_Esrp2.fastq.gz	
time_course_retro_D03_Luc	mmu.GRCm38_84	SINGLE	FASTQ	494	205	TGGAATTCTCGGGTGCCAAGG		/scicore/home/zavolan/kanitz/PROJECTS/SpliceFactorsReprogramming/rawData/own_data/time_course_retro/D03_Luc.fastq.gz	
time_course_retro_D03_Msi1	mmu.GRCm38_84	SINGLE	FASTQ	486	181	TGGAATTCTCGGGTGCCAAGG		/scicore/home/zavolan/kanitz/PROJECTS/SpliceFactorsReprogramming/rawData/own_data/time_course_retro/D03_Msi1.fastq.gz	
time_course_retro_D04_Ctrl	mmu.GRCm38_84	SINGLE	FASTQ	360	105	TGGAATTCTCGGGTGCCAAGG		/scicore/home/zavolan/kanitz/PROJECTS/SpliceFactorsReprogramming/rawData/own_data/time_course_retro/D04_Ctrl.fastq.gz	
time_course_retro_D04_Esrp1	mmu.GRCm38_84	SINGLE	FASTQ	423	113	TGGAATTCTCGGGTGCCAAGG		/scicore/home/zavolan/kanitz/PROJECTS/SpliceFactorsReprogramming/rawData/own_data/time_course_retro/D04_Esrp1.fastq.gz	
time_course_retro_D04_Esrp2	mmu.GRCm38_84	SINGLE	FASTQ	388	95	TGGAATTCTCGGGTGCCAAGG		/scicore/home/zavolan/kanitz/PROJECTS/SpliceFactorsReprogramming/rawData/own_data/time_course_retro/D04_Esrp2.fastq.gz	
time_course_retro_D04_Luc	mmu.GRCm38_84	SINGLE	FASTQ	383	95	TGGAATTCTCGGGTGCCAAGG		/scicore/home/zavolan/kanitz/PROJECTS/SpliceFactorsReprogramming/rawData/own_data/time_course_retro/D04_Luc.fastq.gz	
time_course_retro_D04_Msi1	mmu.GRCm38_84	SINGLE	FASTQ	360	90	TGGAATTCTCGGGTGCCAAGG		/scicore/home/zavolan/kanitz/PROJECTS/SpliceFactorsReprogramming/rawData/own_data/time_course_retro/D04_Msi1.fastq.gz	
time_course_retro_D05_Ctrl	mmu.GRCm38_84	SINGLE	FASTQ	362	102	TGGAATTCTCGGGTGCCAAGG		/scicore/home/zavolan/kanitz/PROJECTS/SpliceFactorsReprogramming/rawData/own_data/time_course_retro/D05_Ctrl.fastq.gz	
time_course_retro_D05_Esrp1	mmu.GRCm38_84	SINGLE	FASTQ	401	127	TGGAATTCTCGGGTGCCAAGG		/scicore/home/zavolan/kanitz/PROJECTS/SpliceFactorsReprogramming/rawData/own_data/time_course_retro/D05_Esrp1.fastq.gz	
time_course_retro_D05_Esrp2	mmu.GRCm38_84	SINGLE	FASTQ	394	117	TGGAATTCTCGGGTGCCAAGG		/scicore/home/zavolan/kanitz/PROJECTS/SpliceFactorsReprogramming/rawData/own_data/time_course_retro/D05_Esrp2.fastq.gz	
time_course_retro_D05_Luc	mmu.GRCm38_84	SINGLE	FASTQ	390	116	TGGAATTCTCGGGTGCCAAGG		/scicore/home/zavolan/kanitz/PROJECTS/SpliceFactorsReprogramming/rawData/own_data/time_course_retro/D05_Luc.fastq.gz	
time_course_retro_D05_Msi1	mmu.GRCm38_84	SINGLE	FASTQ	405	127	TGGAATTCTCGGGTGCCAAGG		/scicore/home/zavolan/kanitz/PROJECTS/SpliceFactorsReprogramming/rawData/own_data/time_course_retro/D05_Msi1.fastq.gz	
time_course_retro_D15_Ctrl	mmu.GRCm38_84	SINGLE	FASTQ	417	179	TGGAATTCTCGGGTGCCAAGG		/scicore/home/zavolan/kanitz/PROJECTS/SpliceFactorsReprogramming/rawData/own_data/time_course_retro/D15_Ctrl.fastq.gz	
time_course_retro_D15_Esrp1	mmu.GRCm38_84	SINGLE	FASTQ	351	115	TGGAATTCTCGGGTGCCAAGG		/scicore/home/zavolan/kanitz/PROJECTS/SpliceFactorsReprogramming/rawData/own_data/time_course_retro/D15_Esrp1.fastq.gz	
time_course_retro_D15_Esrp2	mmu.GRCm38_84	SINGLE	FASTQ	373	115	TGGAATTCTCGGGTGCCAAGG		/scicore/home/zavolan/kanitz/PROJECTS/SpliceFactorsReprogramming/rawData/own_data/time_course_retro/D15_Esrp2.fastq.gz	
time_course_retro_D15_Luc	mmu.GRCm38_84	SINGLE	FASTQ	383	126	TGGAATTCTCGGGTGCCAAGG		/scicore/home/zavolan/kanitz/PROJECTS/SpliceFactorsReprogramming/rawData/own_data/time_course_retro/D15_Luc.fastq.gz	
time_course_retro_D15_Msi1	mmu.GRCm38_84	SINGLE	FASTQ	398	121	TGGAATTCTCGGGTGCCAAGG		/scicore/home/zavolan/kanitz/PROJECTS/SpliceFactorsReprogramming/rawData/own_data/time_course_retro/D15_Msi1.fastq.gz	
