sampleName	path	format	adapter	fragLenMean	fragLenSD
Day0_MEFs	/import/bc2/home/zavolan/kanitz/PROJECTS/SpliceFactorsReprogramming/rawData/Day0_MEFs.fastq.gz	fastq	TGGAATTCTCGGGTGCCAAGG	412	140
Day1C	/import/bc2/home/zavolan/kanitz/PROJECTS/SpliceFactorsReprogramming/rawData/Day1C.fastq.gz	fastq	TGGAATTCTCGGGTGCCAAGG	426	142
Day1E1	/import/bc2/home/zavolan/kanitz/PROJECTS/SpliceFactorsReprogramming/rawData/Day1E1.fastq.gz	fastq	TGGAATTCTCGGGTGCCAAGG	388	124
Day1Red	/import/bc2/home/zavolan/kanitz/PROJECTS/SpliceFactorsReprogramming/rawData/Day1Red.fastq.gz	fastq	TGGAATTCTCGGGTGCCAAGG	422	181
Day2C	/import/bc2/home/zavolan/kanitz/PROJECTS/SpliceFactorsReprogramming/rawData/Day2C.fastq.gz	fastq	TGGAATTCTCGGGTGCCAAGG	404	130
Day2E1	/import/bc2/home/zavolan/kanitz/PROJECTS/SpliceFactorsReprogramming/rawData/Day2E1.fastq.gz	fastq	TGGAATTCTCGGGTGCCAAGG	378	102
Day2Red	/import/bc2/home/zavolan/kanitz/PROJECTS/SpliceFactorsReprogramming/rawData/Day2Red.fastq.gz	fastq	TGGAATTCTCGGGTGCCAAGG	493	147
Day3C	/import/bc2/home/zavolan/kanitz/PROJECTS/SpliceFactorsReprogramming/rawData/Day3C.fastq.gz	fastq	TGGAATTCTCGGGTGCCAAGG	426	181
Day3E1	/import/bc2/home/zavolan/kanitz/PROJECTS/SpliceFactorsReprogramming/rawData/Day3E1.fastq.gz	fastq	TGGAATTCTCGGGTGCCAAGG	423	144
Day3Red	/import/bc2/home/zavolan/kanitz/PROJECTS/SpliceFactorsReprogramming/rawData/Day3Red.fastq.gz	fastq	TGGAATTCTCGGGTGCCAAGG	430	145
Day4C	/import/bc2/home/zavolan/kanitz/PROJECTS/SpliceFactorsReprogramming/rawData/Day4C.fastq.gz	fastq	TGGAATTCTCGGGTGCCAAGG	387	106
Day4E1	/import/bc2/home/zavolan/kanitz/PROJECTS/SpliceFactorsReprogramming/rawData/Day4E1.fastq.gz	fastq	TGGAATTCTCGGGTGCCAAGG	438	161
Day4Red	/import/bc2/home/zavolan/kanitz/PROJECTS/SpliceFactorsReprogramming/rawData/Day4Red.fastq.gz	fastq	TGGAATTCTCGGGTGCCAAGG	471	202
Day5C	/import/bc2/home/zavolan/kanitz/PROJECTS/SpliceFactorsReprogramming/rawData/Day5C.fastq.gz	fastq	TGGAATTCTCGGGTGCCAAGG	446	180
Day5E1	/import/bc2/home/zavolan/kanitz/PROJECTS/SpliceFactorsReprogramming/rawData/Day5E1.fastq.gz	fastq	TGGAATTCTCGGGTGCCAAGG	436	198
Day5Red	/import/bc2/home/zavolan/kanitz/PROJECTS/SpliceFactorsReprogramming/rawData/Day5Red.fastq.gz	fastq	TGGAATTCTCGGGTGCCAAGG	423	147
Day6C	/import/bc2/home/zavolan/kanitz/PROJECTS/SpliceFactorsReprogramming/rawData/Day6C.fastq.gz	fastq	TGGAATTCTCGGGTGCCAAGG	466	183
Day6E1	/import/bc2/home/zavolan/kanitz/PROJECTS/SpliceFactorsReprogramming/rawData/Day6E1.fastq.gz	fastq	TGGAATTCTCGGGTGCCAAGG	402	135
Day6Red	/import/bc2/home/zavolan/kanitz/PROJECTS/SpliceFactorsReprogramming/rawData/Day6Red.fastq.gz	fastq	TGGAATTCTCGGGTGCCAAGG	433	165
Day7C	/import/bc2/home/zavolan/kanitz/PROJECTS/SpliceFactorsReprogramming/rawData/Day7C.fastq.gz	fastq	TGGAATTCTCGGGTGCCAAGG	390	124
Day7E1	/import/bc2/home/zavolan/kanitz/PROJECTS/SpliceFactorsReprogramming/rawData/Day7E1.fastq.gz	fastq	TGGAATTCTCGGGTGCCAAGG	457	170
Day7Red	/import/bc2/home/zavolan/kanitz/PROJECTS/SpliceFactorsReprogramming/rawData/Day7Red.fastq.gz	fastq	TGGAATTCTCGGGTGCCAAGG	451	169
Day8C	/import/bc2/home/zavolan/kanitz/PROJECTS/SpliceFactorsReprogramming/rawData/Day8C.fastq.gz	fastq	TGGAATTCTCGGGTGCCAAGG	476	247
Day8E1	/import/bc2/home/zavolan/kanitz/PROJECTS/SpliceFactorsReprogramming/rawData/Day8E1.fastq.gz	fastq	TGGAATTCTCGGGTGCCAAGG	451	208
Day8Red	/import/bc2/home/zavolan/kanitz/PROJECTS/SpliceFactorsReprogramming/rawData/Day8Red.fastq.gz	fastq	TGGAATTCTCGGGTGCCAAGG	445	136
